{
  "dataset": "ag_news",
  "method": "prompt_v1",
  "train_time_sec": 825.08,
  "epochs": 5,
  "eval_loss": 0.21360865235328674,
  "eval_accuracy": 0.9271052631578948,
  "eval_runtime": 4.3469,
  "eval_samples_per_second": 1748.383,
  "eval_steps_per_second": 109.274,
  "epoch": 5.0
}